Zutat,Neuer Zutat-Name,Zusaetzlicher Modifier,Alias
abgeriebene Zitronenschale,Zitronenschale,abgeriebene,
Ahornsirup,,,
Alternativ: Brotbroeckchen,,,
Amaretto,,,
Angostura,,,
Angostura Orange,,,
Anis,,,
Anstellgut,,,
Apfel,,,
Apfelessig,,,
Apfelmus,,,
Apfelsaft,,,
Aprikosenkonfituere,,,
Austernsosse,,,
Backkakao,,,
Backmalz,,,
Backpulver,,,
Bacon,,,
Baking malt,,,
Banane,,,
Basilikum,,,
Bier,,,
Bio Limetten,Limetten,unbehandelt,
Bio Zitronen,Zitronen,unbehandelt,
Biskuitboden,,,
Blue Curacao,,,
Blutwurst,,,
Bourbon,,,
brauner Rum,Rum (braun),,
brauner Zucker,Zucker (braun),,
Broetchen,,,
Brotgewuerz,,,
Bruehe,,,
butter,Butter,,
Butterschmalz,,,
Chayenne Pfeffer,,,
Cheddar,,,
Cherry Brandy,,,
Chilipulver,,,
Chillipulver,Chilipulver,,
Chinesische Nudeln oder Spaghetti,Mie Nudeln,,
Chocolate chips,,,
Chokolate Chips,Chocolate chips,,Chocolate chips
Coconut Rum,,,
Cognac / Weinbrand,Cognac,,
Cointreau,,,
Coktailkirsche,,,
Cola,,,
Cranberrysaft,,,
Creme de Cassis,,,
Creme Fraiche,,,
Curacao,,,Blue Curacao
Currypulver,,,
Dry yeast,,,
Ei,,,
Eier,,,Ei
Eigelb,,,Ei
Eiweiss,,,Ei
Eliche,,,
Emmenthaler,,,
Enchilada Sosse,,,
Erdnussbutter,,,
feuchte Haselnussmasse,,,
Fischsosse,,,
Flank steak,,,
Flour,,,
fresh lasagna sheets,,,
frischer Thymian,Thymian,frisch,
Garam Masala,,,
gekuehlter Blue Curacao,Blue Curacao,gekuehlt,
gekuehlter Cherry Brandy,Cherry Brandy,gekuehlt,
Gelatine,,,
Gemuesebruehe,,,
Gemuesezwiebel,,,
geschaelte Kartoffeln,Kartoffeln,geschaelt,
gestueckelte Dosentomaten,Dosentomaten (gestueckelt),,
Gin,,,
Grapefruitsaft,,,
Grenadine,,,
Griechischer Joghurt,,,
Gries,,,
grosse ZZwiebel,Zwiebel,gross,
Gruyère,,,
Guinness Beer,,,
Hackfleisch,,,
Haehnchenbrust,,,
Haixian Sosse,,,
Haselnuesse,,,
Hefe,,,
Himbeere,,,
Himbeeren,,,Himbeere
Honig,,,
Huehnerbruehe,,,
Ingwer,,,
Italian seasoning,,,
Jack Daniels,,,
Jalapenos,,,
Java Curry,,,
Kahlua,,,
Kakaopulver,,,
Kardamom,,,
Karotte,,,
Karotten,,,Karotte
Kartoffeln,,,
Kirschwasser,,,
kleine Zwiebel,,klein,Zwiebel
kleine Zwiebeln,,klein,Zwiebel
Knoblauch,,,
Knoblauchpulver,,,
Knoblauchzehe,,,
Knoblauchzehen,,,Knoblauchzehe
Kokosnussmilch,,,
Koriander,,,
Korriander,Koriander,,
Kreuzkuemmel,,,
Kuemmel,,,
Kurkuma,,,
Lauch,,,
lauwarmes Wasser,Wasser,lauwarm,
Leberwurst,,,
Lebkuchengewuerz,,,
Limette,,,
Limettensaft,,,
Limettenspalte,,,
Lorbeerblaetter,,,Lorbeerblatt
Lorbeerblatt,,,
Mais,,,
Maisstaerke,,,
Majoran,,,
Malzbier,,,
Mangos,,,
Maracujasaft,,,
Mayonaise,,,
Mehl,,,
Milch,,,
Milch oder Sahne,,,
Milch oder Stroh Rum,,,
Moehren,,,
Mozarella,Mozzarella,,
mozzarella,Mozzarella,,
Muskat,,,Muskatnuss
Muskatnuss,,,
Natron,,,
Nelken,,,
Nougat,,,
Nudeln,,,
Nudelwasser,,,
Oel,,,
Olivenoel,,,
Orangensaft,,,
Oregano,,,
Panko,,,Panko Paniermehl
Panko Paniermehl,,,
Paprika,,,
Paprikapulver,,,
parmesan,Parmesan,,
pasierte Tomaten,Tomaten (passiert),,Passata
Passata,,,
passierte Tomaten,Tomaten (passiert),,Passata
pasta,Pasta,,
Pastawasser,,,
Petersilie,,,
Pfeffer,,,
Pfefferkoerner,,,
Pflanzenoel,,,
Pimentkoerner,,,
Puderzucker,,,
Pute,,,
Putenschnitzel,,,
Raspberry Vodka,,,
Reis,,,
Ricotta,,,
Rinderbruehe,,,
Rinderfilet,,,
Rinderfond,,,
Rinderhack,,,
Rindfleisch,,,
Risotto Reis,,,
Roggenmehl,,,
Rosinen,,,
Rosmarin,,,
rote Pfefferflakes,,,
rote Pfefferflocken,,,
roter Portwein,Portwein (rot),,
Rotwein,,,
Rum,,,
Rye Whiskey,,,
Sahne,,,
Salbei,,,
Salbeiblaetter,,,
Salsa Sosse,,,
salt,,,
Salz,,,
Schalotten,,,
Schmand,,,
Schnitzel,,,
Schokolade,,,
schwarzer Pfeffer,,,
Schweineschmalz,,,
Schweineschulter,,,
Scotch Whiskey,,,
Selerie,Sellerie,,
Sellerie,,,
Sesam Koerner,,,
Sesam Oel,,,
Soja Sosse,Sojasosse,,
Sojasosse,,,
Sossenkuchen,,,
Southern Comfort,,,
Spaghetti,,,
Speisestaerke,,,
Staerke,,,
Stroh Rum,,,
Suessrahmbutter,,,
sugar,Sugar,,
Tequila,,,
Thymian,,,
Toastbrot,,,
Tomaten,,,
Tomatenmark,,,
Tomatenpueree,,,Passata
Triple Sec,,,
Tripple Sec,Triple Sec,,
trockener Rotwein,Rotwein (trocken),,
Trockenhefe,,,
Vanilleextrakt,,,
Vanilleschote,,,
Vanillzucker,,,
Vermoth Sweet,,,
Vodka,,,
Wacholderbeeren,,,
Wasser,,,
water,,,
Weinbrand,,,
weisser Cheddar,Cheddar (weiss),,
weisser Rum,Rum (weiss),,
weisser Tequila,Tequile (weiss),,
Weisswein,,,
Weisswein Essig,,,
Weissweinessig,Weisswein Essig,,
Weizenmehl,,,
Whiskey,,,
Wiener,,,
Wodka,,,
Worcestershire Sauce,,,
Worcestershiresauce,Worcestershire Sauce,,
Zartbitterkuvertuere,,,
Zimstangen,,,Zimtstange
Zimt,,,
Zimtstange,,,
Zitrone,,,
Zitronen,,,Zitrone
Zitronensaft,,,
Zitronenschalen,,,
Zitronenschalenstreifen,,,
Zitronenzeste,,,
Ztironensaft,Zitronensaft,,
Zucker,,,
Zuckersirup,,,
Zwiebel,,,
Zwiebeln,,,Zwiebel
Zwiebelpulver,,,
